id,name,model_id:id,group_id:id,perm_read,perm_write,perm_create,perm_unlink
access_association_member_user,association.member.user,model_association_member,primetech_association.group_association_user,1,0,0,0
access_association_member_manager,association.member.manager,model_association_member,primetech_association.group_association_manager,1,1,1,0
access_association_member_admin,association.member.admin,model_association_member,primetech_association.group_association_admin,1,1,1,1
access_association_member_category_manager,association.member.category.manager,model_association_member_category,primetech_association.group_association_manager,1,1,1,0
access_association_member_category_admin,association.member.category.admin,model_association_member_category,primetech_association.group_association_admin,1,1,1,1
access_association_member_function_manager,association.member.function.manager,model_association_member_function,primetech_association.group_association_manager,1,1,1,0
access_association_member_function_admin,association.member.function.admin,model_association_member_function,primetech_association.group_association_admin,1,1,1,1
access_association_skill_user,association.skill.user,model_association_skill,primetech_association.group_association_user,1,0,0,0
access_association_skill_manager,association.skill.manager,model_association_skill,primetech_association.group_association_manager,1,1,1,0
access_association_skill_admin,association.skill.admin,model_association_skill,primetech_association.group_association_admin,1,1,1,1
access_association_card_user,association.card.user,model_association_card,primetech_association.group_association_user,1,0,0,0
access_association_card_manager,association.card.manager,model_association_card,primetech_association.group_association_manager,1,1,1,0
access_association_card_admin,association.card.admin,model_association_card,primetech_association.group_association_admin,1,1,1,1
access_association_card_generation_wizard_manager,association.card.generation.wizard.manager,model_association_card_generation_wizard,primetech_association.group_association_manager,1,1,1,1
access_association_card_generation_wizard_admin,association.card.generation.wizard.admin,model_association_card_generation_wizard,primetech_association.group_association_admin,1,1,1,1
access_association_committee_user,association.committee.user,model_association_committee,primetech_association.group_association_user,1,0,0,0
access_association_committee_manager,association.committee.manager,model_association_committee,primetech_association.group_association_manager,1,1,1,0
access_association_committee_admin,association.committee.admin,model_association_committee,primetech_association.group_association_admin,1,1,1,1
access_association_committee_line_user,association.committee.line.user,model_association_committee_line,primetech_association.group_association_user,1,0,0,0
access_association_committee_line_manager,association.committee.line.manager,model_association_committee_line,primetech_association.group_association_manager,1,1,1,0
access_association_committee_line_admin,association.committee.line.admin,model_association_committee_line,primetech_association.group_association_admin,1,1,1,1
access_association_subscription_manager,association.subscription.manager,model_association_subscription,primetech_association.group_association_manager,1,1,1,0
access_association_subscription_admin,association.subscription.admin,model_association_subscription,primetech_association.group_association_admin,1,1,1,1
access_association_subscription_period_user,association.subscription.period.user,model_association_subscription_period,primetech_association.group_association_user,1,0,0,0
access_association_subscription_period_manager,association.subscription.period.manager,model_association_subscription_period,primetech_association.group_association_manager,1,1,1,0
access_association_subscription_period_admin,association.subscription.period.admin,model_association_subscription_period,primetech_association.group_association_admin,1,1,1,1
access_association_subscription_line_manager,association.subscription.line.manager,model_association_subscription_line,primetech_association.group_association_manager,1,1,1,0
access_association_subscription_line_admin,association.subscription.line.admin,model_association_subscription_line,primetech_association.group_association_admin,1,1,1,1
access_association_member_subscription_cycle_report_manager,association.member.subscription.cycle.report.manager,model_association_member_subscription_cycle_report,primetech_association.group_association_manager,1,1,1,1
access_association_member_subscription_cycle_report_admin,association.member.subscription.cycle.report.admin,model_association_member_subscription_cycle_report,primetech_association.group_association_admin,1,1,1,1
access_association_subscription_penalty_recap_manager,association.subscription.penalty.recap.manager,model_association_subscription_penalty_recap,primetech_association.group_association_manager,1,1,1,0
access_association_subscription_penalty_recap_admin,association.subscription.penalty.recap.admin,model_association_subscription_penalty_recap,primetech_association.group_association_admin,1,1,1,1
access_association_payment_manager,association.payment.manager,model_association_payment,primetech_association.group_association_manager,1,1,1,0
access_association_payment_admin,association.payment.admin,model_association_payment,primetech_association.group_association_admin,1,1,1,1
access_association_payment_line_manager,association.payment.line.manager,model_association_payment_line,primetech_association.group_association_manager,1,1,1,0
access_association_payment_line_admin,association.payment.line.admin,model_association_payment_line,primetech_association.group_association_admin,1,1,1,1
access_association_donation_manager,association.donation.manager,model_association_donation,primetech_association.group_association_manager,1,1,1,0
access_association_donation_admin,association.donation.admin,model_association_donation,primetech_association.group_association_admin,1,1,1,1
access_association_income_manager,association.income.manager,model_association_income,primetech_association.group_association_manager,1,1,1,0
access_association_income_admin,association.income.admin,model_association_income,primetech_association.group_association_admin,1,1,1,1
access_association_expense_manager,association.expense.manager,model_association_expense,primetech_association.group_association_manager,1,1,1,0
access_association_expense_admin,association.expense.admin,model_association_expense,primetech_association.group_association_admin,1,1,1,1
access_association_fund_user,association.fund.user,model_association_fund,primetech_association.group_association_user,1,0,0,0
access_association_fund_manager,association.fund.manager,model_association_fund,primetech_association.group_association_manager,1,1,1,0
access_association_fund_admin,association.fund.admin,model_association_fund,primetech_association.group_association_admin,1,1,1,1
access_association_fund_transaction_user,association.fund.transaction.user,model_association_fund_transaction,primetech_association.group_association_user,1,0,0,0
access_association_fund_transaction_manager,association.fund.transaction.manager,model_association_fund_transaction,primetech_association.group_association_manager,1,1,1,0
access_association_fund_transaction_admin,association.fund.transaction.admin,model_association_fund_transaction,primetech_association.group_association_admin,1,1,1,1
access_association_member_account_user,association.member.account.user,model_association_member_account,primetech_association.group_association_user,1,0,0,0
access_association_member_account_manager,association.member.account.manager,model_association_member_account,primetech_association.group_association_manager,1,1,1,0
access_association_member_account_admin,association.member.account.admin,model_association_member_account,primetech_association.group_association_admin,1,1,1,1
access_association_member_account_transaction_user,association.member.account.transaction.user,model_association_member_account_transaction,primetech_association.group_association_user,1,0,0,0
access_association_member_account_transaction_manager,association.member.account.transaction.manager,model_association_member_account_transaction,primetech_association.group_association_manager,1,1,1,0
access_association_member_account_transaction_admin,association.member.account.transaction.admin,model_association_member_account_transaction,primetech_association.group_association_admin,1,1,1,1
access_association_meeting_user,association.meeting.user,model_association_meeting,primetech_association.group_association_user,1,0,0,0
access_association_meeting_manager,association.meeting.manager,model_association_meeting,primetech_association.group_association_manager,1,1,1,0
access_association_meeting_admin,association.meeting.admin,model_association_meeting,primetech_association.group_association_admin,1,1,1,1
access_association_meeting_subscription_session_user,association.meeting.subscription.session.user,model_association_meeting_subscription_session,primetech_association.group_association_user,1,0,0,0
access_association_meeting_subscription_session_manager,association.meeting.subscription.session.manager,model_association_meeting_subscription_session,primetech_association.group_association_manager,1,1,1,0
access_association_meeting_subscription_session_admin,association.meeting.subscription.session.admin,model_association_meeting_subscription_session,primetech_association.group_association_admin,1,1,1,1
access_association_attendance_user,association.attendance.user,model_association_attendance,primetech_association.group_association_user,1,0,0,0
access_association_attendance_manager,association.attendance.manager,model_association_attendance,primetech_association.group_association_manager,1,1,1,0
access_association_attendance_admin,association.attendance.admin,model_association_attendance,primetech_association.group_association_admin,1,1,1,1
access_association_meeting_resolution_user,association.meeting.resolution.user,model_association_meeting_resolution,primetech_association.group_association_user,1,0,0,0
access_association_meeting_resolution_manager,association.meeting.resolution.manager,model_association_meeting_resolution,primetech_association.group_association_manager,1,1,1,0
access_association_meeting_resolution_admin,association.meeting.resolution.admin,model_association_meeting_resolution,primetech_association.group_association_admin,1,1,1,1
access_association_penalty_manager,association.penalty.manager,model_association_penalty,primetech_association.group_association_manager,1,1,1,0
access_association_penalty_admin,association.penalty.admin,model_association_penalty,primetech_association.group_association_admin,1,1,1,1
access_association_meeting_collection_user,association.meeting.collection user,model_association_meeting_collection,primetech_association.group_association_user,1,0,0,0
access_association_meeting_collection_manager,association.meeting.collection manager,model_association_meeting_collection,primetech_association.group_association_manager,1,1,1,0
access_association_meeting_collection_admin,association.meeting.collection admin,model_association_meeting_collection,primetech_association.group_association_admin,1,1,1,1
access_association_dashboard_manager,association.dashboard.manager,model_association_dashboard,primetech_association.group_association_manager,1,1,1,0
access_association_dashboard_admin,association.dashboard.admin,model_association_dashboard,primetech_association.group_association_admin,1,1,1,1
access_association_payment_surplus_wizard_user,association.payment.surplus.wizard user,model_association_payment_surplus_wizard,primetech_association.group_association_user,1,1,1,1
access_association_payment_surplus_wizard_manager,association.payment.surplus.wizard manager,model_association_payment_surplus_wizard,primetech_association.group_association_manager,1,1,1,1
access_association_payment_surplus_wizard_admin,association.payment.surplus.wizard admin,model_association_payment_surplus_wizard,primetech_association.group_association_admin,1,1,1,1
access_association_meeting_collection_surplus_wizard_user,association.meeting.collection.surplus.wizard user,model_association_meeting_collection_surplus_wizard,primetech_association.group_association_user,1,1,1,1
access_association_meeting_collection_surplus_wizard_manager,association.meeting.collection.surplus.wizard manager,model_association_meeting_collection_surplus_wizard,primetech_association.group_association_manager,1,1,1,1
access_association_meeting_collection_surplus_wizard_admin,association.meeting.collection.surplus.wizard admin,model_association_meeting_collection_surplus_wizard,primetech_association.group_association_admin,1,1,1,1
access_association_member_wallet_user,association.member.wallet.user,model_association_member_wallet,primetech_association.group_association_user,1,0,0,0
access_association_member_wallet_manager,association.member.wallet.manager,model_association_member_wallet,primetech_association.group_association_manager,1,1,1,0
access_association_member_wallet_admin,association.member.wallet.admin,model_association_member_wallet,primetech_association.group_association_admin,1,1,1,1
access_association_member_wallet_transaction_user,association.member.wallet.transaction.user,model_association_member_wallet_transaction,primetech_association.group_association_user,1,0,0,0
access_association_member_wallet_transaction_manager,association.member.wallet.transaction.manager,model_association_member_wallet_transaction,primetech_association.group_association_manager,1,1,1,0
access_association_member_wallet_transaction_admin,association.member.wallet.transaction.admin,model_association_member_wallet_transaction,primetech_association.group_association_admin,1,1,1,1
access_association_subscription_allocation_user,association.subscription.allocation.user,model_association_subscription_allocation,primetech_association.group_association_user,1,0,0,0
access_association_subscription_allocation_manager,association.subscription.allocation.manager,model_association_subscription_allocation,primetech_association.group_association_manager,1,1,1,0
access_association_subscription_allocation_admin,association.subscription.allocation.admin,model_association_subscription_allocation,primetech_association.group_association_admin,1,1,1,1
access_association_subscription_cycle_close_wizard_manager,association.subscription.cycle.close.wizard.manager,model_association_subscription_cycle_close_wizard,primetech_association.group_association_manager,1,1,1,0
access_association_subscription_cycle_close_wizard_admin,association.subscription.cycle.close.wizard.admin,model_association_subscription_cycle_close_wizard,primetech_association.group_association_admin,1,1,1,1
access_association_subscription_cycle_close_wizard_line_manager,association.subscription.cycle.close.wizard.line.manager,model_association_subscription_cycle_close_wizard_line,primetech_association.group_association_manager,1,1,1,1
access_association_subscription_cycle_close_wizard_line_admin,association.subscription.cycle.close.wizard.line.admin,model_association_subscription_cycle_close_wizard_line,primetech_association.group_association_admin,1,1,1,1
access_association_meeting_subscription_cycle_start_wizard_manager,association.meeting.subscription.cycle.start.wizard.manager,model_association_meeting_subscription_cycle_start_wizard,primetech_association.group_association_manager,1,1,1,1
access_association_meeting_subscription_cycle_start_wizard_admin,association.meeting.subscription.cycle.start.wizard.admin,model_association_meeting_subscription_cycle_start_wizard,primetech_association.group_association_admin,1,1,1,1

access_association_subscription_payment_wizard,association.subscription.payment.wizard,model_association_subscription_payment_wizard,base.group_user,1,1,1,1
access_member_account_subscription_payment_wizard,association.member.account.subscription.payment.wizard,model_association_member_account_subscription_payment_wizard,base.group_user,1,1,1,1
access_association_meeting_subscription_snapshot_user,association.meeting.subscription.snapshot.user,model_association_meeting_subscription_snapshot,primetech_association.group_association_user,1,0,0,0
access_association_meeting_subscription_snapshot_manager,association.meeting.subscription.snapshot.manager,model_association_meeting_subscription_snapshot,primetech_association.group_association_manager,1,1,1,0
access_association_meeting_subscription_snapshot_admin,association.meeting.subscription.snapshot.admin,model_association_meeting_subscription_snapshot,primetech_association.group_association_admin,1,1,1,1
access_association_meeting_officer_user,association.meeting.officer.user,model_association_meeting_officer,primetech_association.group_association_user,1,0,0,0
access_association_meeting_officer_manager,association.meeting.officer.manager,model_association_meeting_officer,primetech_association.group_association_manager,1,1,1,0
access_association_meeting_officer_admin,association.meeting.officer.admin,model_association_meeting_officer,primetech_association.group_association_admin,1,1,1,1
access_association_statement_report_wizard,association.statement.report.wizard,model_association_statement_report_wizard,primetech_association.group_association_user,1,1,1,1
access_association_meeting_president,association.meeting.president,model_association_meeting,primetech_association.group_association_meeting_president,1,1,0,0
access_association_meeting_secretary,association.meeting.secretary,model_association_meeting,primetech_association.group_association_meeting_secretary,1,1,0,0
access_association_meeting_treasurer,association.meeting.treasurer,model_association_meeting,primetech_association.group_association_meeting_treasurer,1,1,0,0
access_association_meeting_censor,association.meeting.censor,model_association_meeting,primetech_association.group_association_meeting_censor,1,1,0,0
access_association_attendance_president,association.attendance.president,model_association_attendance,primetech_association.group_association_meeting_president,1,1,1,0
access_association_attendance_secretary,association.attendance.secretary,model_association_attendance,primetech_association.group_association_meeting_secretary,1,1,1,0
access_association_attendance_censor,association.attendance.censor,model_association_attendance,primetech_association.group_association_meeting_censor,1,1,1,0
access_association_meeting_resolution_president,association.meeting.resolution.president,model_association_meeting_resolution,primetech_association.group_association_meeting_president,1,1,1,0
access_association_meeting_resolution_secretary,association.meeting.resolution.secretary,model_association_meeting_resolution,primetech_association.group_association_meeting_secretary,1,1,1,0
access_association_penalty_president,association.penalty.president,model_association_penalty,primetech_association.group_association_meeting_president,1,1,1,0
access_association_penalty_censor,association.penalty.censor,model_association_penalty,primetech_association.group_association_meeting_censor,1,1,1,0
access_association_penalty_secretary_read,association.penalty.secretary.read,model_association_penalty,primetech_association.group_association_meeting_secretary,1,0,0,0
access_association_subscription_treasurer,association.subscription.treasurer,model_association_subscription,primetech_association.group_association_meeting_treasurer,1,1,1,0
access_association_subscription_period_treasurer,association.subscription.period.treasurer,model_association_subscription_period,primetech_association.group_association_meeting_treasurer,1,1,1,0
access_association_subscription_line_treasurer,association.subscription.line.treasurer,model_association_subscription_line,primetech_association.group_association_meeting_treasurer,1,1,1,0
access_association_member_subscription_cycle_report_treasurer,association.member.subscription.cycle.report.treasurer,model_association_member_subscription_cycle_report,primetech_association.group_association_meeting_treasurer,1,1,1,1
access_association_subscription_penalty_recap_treasurer,association.subscription.penalty.recap.treasurer,model_association_subscription_penalty_recap,primetech_association.group_association_meeting_treasurer,1,1,1,0
access_association_payment_treasurer,association.payment.treasurer,model_association_payment,primetech_association.group_association_meeting_treasurer,1,1,1,0
access_association_payment_line_treasurer,association.payment.line.treasurer,model_association_payment_line,primetech_association.group_association_meeting_treasurer,1,1,1,0
access_association_fund_treasurer,association.fund.treasurer,model_association_fund,primetech_association.group_association_meeting_treasurer,1,1,1,0
access_association_fund_transaction_treasurer,association.fund.transaction.treasurer,model_association_fund_transaction,primetech_association.group_association_meeting_treasurer,1,1,1,0
access_association_member_account_treasurer,association.member.account.treasurer,model_association_member_account,primetech_association.group_association_meeting_treasurer,1,1,1,0
access_association_member_account_transaction_treasurer,association.member.account.transaction.treasurer,model_association_member_account_transaction,primetech_association.group_association_meeting_treasurer,1,1,1,0
access_association_meeting_collection_treasurer,association.meeting.collection.treasurer,model_association_meeting_collection,primetech_association.group_association_meeting_treasurer,1,1,1,0
access_association_meeting_subscription_session_treasurer,association.meeting.subscription.session.treasurer,model_association_meeting_subscription_session,primetech_association.group_association_meeting_treasurer,1,1,1,0
access_association_meeting_subscription_snapshot_treasurer,association.meeting.subscription.snapshot.treasurer,model_association_meeting_subscription_snapshot,primetech_association.group_association_meeting_treasurer,1,1,1,0
access_association_member_wallet_treasurer,association.member.wallet.treasurer,model_association_member_wallet,primetech_association.group_association_meeting_treasurer,1,1,1,0
access_association_member_wallet_transaction_treasurer,association.member.wallet.transaction.treasurer,model_association_member_wallet_transaction,primetech_association.group_association_meeting_treasurer,1,1,1,0
access_association_subscription_allocation_treasurer,association.subscription.allocation.treasurer,model_association_subscription_allocation,primetech_association.group_association_meeting_treasurer,1,1,1,0
access_association_subscription_cycle_close_wizard_treasurer,association.subscription.cycle.close.wizard.treasurer,model_association_subscription_cycle_close_wizard,primetech_association.group_association_meeting_treasurer,1,1,1,1
access_association_subscription_cycle_close_wizard_line_treasurer,association.subscription.cycle.close.wizard.line.treasurer,model_association_subscription_cycle_close_wizard_line,primetech_association.group_association_meeting_treasurer,1,1,1,1
access_association_meeting_subscription_cycle_start_wizard_treasurer,association.meeting.subscription.cycle.start.wizard.treasurer,model_association_meeting_subscription_cycle_start_wizard,primetech_association.group_association_meeting_treasurer,1,1,1,1
access_association_admin_ir_model_access_read,association.admin.ir.model.access.read,base.model_ir_model_access,primetech_association.group_association_admin,1,0,0,0
access_association_admin_ir_model_read,association.admin.ir.model.read,base.model_ir_model,primetech_association.group_association_admin,1,0,0,0
access_association_admin_res_groups_read,association.admin.res.groups.read,base.model_res_groups,primetech_association.group_association_admin,1,0,0,0
access_association_admin_res_config_settings,association.admin.res.config.settings,base.model_res_config_settings,primetech_association.group_association_admin,1,1,1,0
